{
  "train_loss": [
    2.0889030924494962,
    1.8635150068294928,
    1.7751815711489376,
    1.7111666306205418,
    1.6512687413588814,
    1.6079903759571337,
    1.603789894477181,
    1.571049712459493,
    1.5318176975901823,
    1.5064800155829199,
    1.487741399996029,
    1.4711099455815664,
    1.4729245131060202,
    1.4523042514457465,
    1.4167568579964016,
    1.420929393412904,
    1.4031260798436513,
    1.3968049650606902,
    1.372358485038236,
    1.3680595226169372,
    1.3479959335386382,
    1.348151791910207,
    1.3346988488428342,
    1.3239300125133917,
    1.3160237892073874,
    1.3036309295559523,
    1.3075036254728802,
    1.293156071479276,
    1.2819893567458442,
    1.2746599183319518
  ],
  "val_loss": [
    1.6467095348570082,
    1.7057656397422154,
    2.2085100462039313,
    1.7398861431413226,
    1.724822011258867,
    1.707930576470163,
    1.6841388593117397,
    1.5292800946368112,
    1.480629520283805,
    1.4478943347930908,
    1.6928674942917294,
    1.48673700955179,
    1.5394947859976027,
    1.5080186194843717,
    1.3921258317099676,
    1.4535808910926182,
    1.514501604768965,
    1.421652810441123,
    1.4473434653547075,
    1.4150625036822424,
    1.4355593125025432,
    1.4798760000202391,
    1.5549110290076997,
    1.3815560655461416,
    1.4109433210558362,
    1.4736209876007504,
    1.3145434707403183,
    1.3137748224867716,
    1.4503031041887071,
    1.4296855247682996
  ],
  "train_acc": [
    23.489411307557802,
    28.56032640373033,
    31.66893335923839,
    33.53409753254323,
    36.68156207499514,
    38.52729745482806,
    37.94443365067029,
    40.256460073829416,
    41.86904993199922,
    43.384495822809406,
    44.802797746259955,
    46.31824363707014,
    46.31824363707014,
    47.464542451913736,
    48.144550223431125,
    49.582280940353606,
    50.35943267923062,
    50.14571595103944,
    51.66116184184962,
    51.855449776568875,
    52.72974548280552,
    53.00174859141247,
    53.118321352244024,
    53.604041189042164,
    55.508062949290846,
    54.88634155818924,
    55.566349329706625,
    55.37206139498737,
    56.55721779677482,
    57.29551194870798
  ],
  "val_acc": [
    33.10104529616725,
    32.40418118466899,
    21.254355400696863,
    34.84320557491289,
    32.57839721254356,
    33.275261324041814,
    38.937282229965156,
    41.37630662020906,
    45.1219512195122,
    44.77351916376307,
    34.40766550522648,
    43.55400696864111,
    41.289198606271775,
    42.68292682926829,
    48.78048780487805,
    45.99303135888502,
    44.33797909407666,
    46.254355400696866,
    44.599303135888505,
    50.609756097560975,
    46.68989547038328,
    45.818815331010455,
    41.11498257839721,
    50.78397212543554,
    48.08362369337979,
    43.90243902439025,
    53.745644599303134,
    53.65853658536585,
    44.86062717770035,
    48.606271777003485
  ],
  "lr": [
    0.0003,
    0.0003,
    0.0003,
    0.0003,
    0.0003,
    0.0003,
    0.0003,
    0.0003,
    0.0003,
    0.0003,
    0.0003,
    0.0003,
    0.0003,
    0.0003,
    0.0003,
    0.0003,
    0.0003,
    0.0003,
    0.0003,
    0.0003,
    0.0003,
    0.0003,
    0.0003,
    0.0003,
    0.0003,
    0.0003,
    0.0003,
    0.0003,
    0.0003,
    0.0003
  ]
}