{
  "train_loss": [
    1.3907947302419947,
    0.9824590054080353,
    0.8362040109701038,
    0.7388237264493237,
    0.6420430543815127,
    0.5953599889965161,
    0.5465096896803527,
    0.4347194822169609,
    0.4013232055426755,
    0.3951558212732306,
    0.3600232216836133,
    0.3391044307153047,
    0.3228747612154632,
    0.3061358279646924,
    0.30118683371577204,
    0.29108234585164494,
    0.29660399049890707,
    0.28381591419810837,
    0.27839699114516653,
    0.27431277588287495
  ],
  "val_loss": [
    1.15370874831246,
    0.978293719391028,
    1.030249432557159,
    1.036520374731885,
    1.0407724572966497,
    1.1286273324448202,
    1.266856542064084,
    1.2077211509976122,
    1.2275020762657125,
    1.4403260694816709,
    1.376776155601773,
    1.3285058392211795,
    1.3182017735929952,
    1.361946562719014,
    1.3093222556635737,
    1.3332145262716546,
    1.3037350136372778,
    1.2879565889015794,
    1.3208533988023798,
    1.3249699241585202
  ],
  "train_acc": [
    48.49426850592578,
    68.8556440645036,
    75.0534291820478,
    79.52205168059064,
    83.71867107052653,
    86.39984456965223,
    88.92558772100253,
    93.54964056732076,
    94.69593938216437,
    95.06508645813095,
    96.19195647950262,
    96.85253545754809,
    97.4742568486497,
    98.05712065280746,
    98.2319797940548,
    98.50398290266175,
    98.36798134835827,
    98.79541480474063,
    98.79541480474063,
    99.12570429376336
  ],
  "val_acc": [
    59.58188153310105,
    70.1219512195122,
    69.33797909407666,
    72.0383275261324,
    71.95121951219512,
    73.17073170731707,
    70.38327526132404,
    74.65156794425087,
    73.86759581881533,
    70.20905923344948,
    71.25435540069687,
    73.43205574912892,
    73.43205574912892,
    72.82229965156795,
    74.39024390243902,
    74.12891986062718,
    74.4773519163763,
    74.82578397212544,
    74.30313588850174,
    74.0418118466899
  ],
  "lr": [
    1e-05,
    1e-05,
    1e-05,
    1e-05,
    1e-05,
    1e-05,
    5e-06,
    5e-06,
    5e-06,
    5e-06,
    5e-06,
    2.5e-06,
    2.5e-06,
    2.5e-06,
    2.5e-06,
    2.5e-06,
    1.25e-06,
    1.25e-06,
    1.25e-06,
    1.25e-06
  ]
}